posts,companys,location,experience,description,apply_links
Python Developers ,Golden Opportunities Private Limited, India  , 5-8 years , Description Python Candidate Specification Job Description: Should have experience working with in Python and SQL. Elasticsearch science background or experience with scientific instruments. Experience with tools like Spotfire Tableau Jupyter not ,https://www.monsterindia.com/job/python-developers-golden-opportunities-private-limited-india-4752112?searchId=95da8e1a-2282-467b-a291-58fdee92471d
Python Developer ,Tata Group, Bengaluru / Bangalore  , 2-10 years , SN Required Information Details 1 Role** Python Developer 2 Required Technical Skill Set** * Python HTML CSS Javascript * Framework: Django Flask (any other microframework) ReactJS/Angular * Lib : python external libraries numpy pan ,https://www.monsterindia.com/job/python-developer-tata-group-bengaluru-bangalore-4759804?searchId=95da8e1a-2282-467b-a291-58fdee92471d
Python Developer Python Django Python Developers ,RPG Ventures, Gurgaon / Gurugram  , 4-9 years , Urgently required python developer ,https://www.monsterindia.com/job/python-developer-python-django-python-developers-rpg-ventures-gurgaon-gurugram-5214845?searchId=95da8e1a-2282-467b-a291-58fdee92471d
Python Programming Language ,Accenture, Bengaluru / Bangalore  , 6-8 years , About Accenture: Accenture is a global professional services company with leading capabilities in digital cloud and security. Combining unmatched experience and specialized skills across more than 40 industries we offer Strategy and Consulting Int ,https://www.monsterindia.com/seeker/cjt/job-vacancy-python-programming-language-accenture-bengaluru-bangalore-6-8-years-30797313?searchId=95da8e1a-2282-467b-a291-58fdee92471d
Python Programming Language ,Accenture, Bengaluru / Bangalore  , 6-8 years , About Accenture: Accenture is a global professional services company with leading capabilities in digital cloud and security. Combining unmatched experience and specialized skills across more than 40 industries we offer Strategy and Consulting Int ,https://www.monsterindia.com/seeker/cjt/job-vacancy-python-programming-language-accenture-bengaluru-bangalore-6-8-years-28753387?searchId=95da8e1a-2282-467b-a291-58fdee92471d
Python / API Developer ,Golden Opportunities Private Limited, India  , 4-8 years , Description Developer Candidate Specification Job Description: Should have 4-8 yrs. Experience & 2-3+yrs in Python Should have experience in working with OneSpan Sign API or other APIs. Deep understanding of application design development support a ,https://www.monsterindia.com/job/python-api-developer-golden-opportunities-private-limited-india-4752105?searchId=95da8e1a-2282-467b-a291-58fdee92471d
Python Developer Designer ,Tata Group, India  , 15-18 years , Job Title: Python Developer Designer Experience Range: 02-05 Location: Anywhere in India Job Description TCS has been a great pioneer infeeding the fire of young Techies like you. We are a global leader in thetechnology arena and there's nothing that ,https://www.monsterindia.com/job/python-developer-designer-tata-group-india-3919160?searchId=95da8e1a-2282-467b-a291-58fdee92471d
Python Developer ,Quess IT Staffing (Formerly known as Magna Infotech), Bengaluru / Bangalore  , 3-7 years , we are looking for Python Developer . Location in pan India. Notice period 15 days. CTC dust in industry. Skills Python Developer .If anyone interested reach out me [HIDDEN TEXT] . you can reach out me 6385123864 ,https://www.monsterindia.com/job/python-developer-quess-it-staffing-formerly-known-as-magna-infotech-bengaluru-bangalore-5193898?searchId=95da8e1a-2282-467b-a291-58fdee92471d
Python Developers ,Aarika Hr Professionals Private Limited, Jaipur , 2-6 years , Urgent openings for an IT MNC Company based in Noida location for the positions of Python Developer ,https://www.monsterindia.com/job/python-developers-aarika-hr-professionals-private-limited-jaipur-5215004?searchId=95da8e1a-2282-467b-a291-58fdee92471d
Python DS Developer - Hyderabad ,2COMS Consulting Private Limited, Hyderabad / Secunderabad  , 1-6 years , Exp : 1.6 to 5 yrs About the role: We are looking for an Analyst / Senior Analyst who works in the analytics domain with a strong python background. Desired Skills Competencies and Experience: 1-4 years of experience in working in the anal ,https://www.monsterindia.com/job/python-ds-developer-hyderabad-2coms-consulting-private-limited-hyderabad-secunderabad-5219018?searchId=95da8e1a-2282-467b-a291-58fdee92471d
Automation Anywhere with Python ,2COMS Consulting Private Limited, Bengaluru / Bangalore , 1-6 years , * 6 to 9 years of experience * Should have good hands on experience on RPA AA development with Python * Should have good communication skill with End to End development experience. Client communication is must * Hands-on & expert experienc ,https://www.monsterindia.com/job/automation-anywhere-with-python-2coms-consulting-private-limited-bengaluru-bangalore-5219007?searchId=95da8e1a-2282-467b-a291-58fdee92471d
Python programmer - Associate- Manager ,Golden Opportunities Private Limited, Bengaluru / Bangalore  , 3-11 years , Description Python programmer Location: chennai Bangalore Mumbai Hyderabad Kolkata Candidate specification: Python programming skills. Life science experience. Biotech/Bioinformatics background preferred Notice Period: Immediate 15Days Job Descr ,https://www.monsterindia.com/job/python-programmer-associate-manager-golden-opportunities-private-limited-bengaluru-bangalore-4752101?searchId=95da8e1a-2282-467b-a291-58fdee92471d
Tech Lead - C++/Python ,Applied Materials South East Asia Pte Ltd, Bengaluru / Bangalore  , 7-10 years , As a Tech lead your primary responsibility will be to participate in the creation of new products and enhancements to existing products from concept to launch as part of a cross functional team. In this role you will utilize your experience to provid ,https://www.monsterindia.com/job/tech-lead-c-python-applied-materials-south-east-asia-pte-ltd-bengaluru-bangalore-5215384?searchId=95da8e1a-2282-467b-a291-58fdee92471d
AWS Python ,Anlage Infotech India Private Limited, Bengaluru / Bangalore  , 1-6 years , As a AWS Python practitioner you will have multiple responsibilities depending on project type. ,https://www.monsterindia.com/job/aws-python-anlage-infotech-india-private-limited-bengaluru-bangalore-5134646?searchId=95da8e1a-2282-467b-a291-58fdee92471d
Specialist Development(Python Developer) ,Standard Chartered, India  , Not Specified , About Standard Chartered We are a leading international bank focused on helping people and companies prosper across Asia Africa and the Middle East. To us good performance is about much more than turning a profit. It's about showing how you embody ,https://www.monsterindia.com/job/specialist-development-python-developer-standard-chartered-india-3563898?searchId=95da8e1a-2282-467b-a291-58fdee92471d
Software Developer-Python / Sr. Software Developer - Python ,E-Solution India, Delhi , 2-8 years , Designation: Software Developer-Python / Sr. Software Developer - Python / Python Developer Location: Greater Kailash (New Delhi ) Qualification:- Any graduate Experience: 2-8 Years Salary: As per industry ,https://www.monsterindia.com/job/software-developer-python-sr-software-developer-python-e-solution-india-delhi-5215022?searchId=95da8e1a-2282-467b-a291-58fdee92471d
Python Developer ,SR Consultants, Other India , 5-6 years , Your primary focus will be the development of all server-side logic ensuring high performance and responsiveness to requests from the front-end. ,https://www.monsterindia.com/job/python-developer-sr-consultants-other-india-5203845?searchId=95da8e1a-2282-467b-a291-58fdee92471d
Python Developer ,Trysol Global Services Private Limited, Bengaluru / Bangalore  , 2-5 years , python developer with networking background- c2h job ,https://www.monsterindia.com/job/python-developer-trysol-global-services-private-limited-bengaluru-bangalore-5203366?searchId=95da8e1a-2282-467b-a291-58fdee92471d
Python Programming Language Application Designer ,Accenture, Bengaluru / Bangalore  , 4-6 years , About Accenture: Accenture is a global professional services company with leading capabilities in digital cloud and security. Combining unmatched experience and specialized skills across more than 40 industries we offer Strategy and Consulting Int ,https://www.monsterindia.com/seeker/cjt/job-vacancy-python-programming-language-application-designer-accenture-bengaluru-bangalore-4-6-years-30795639?searchId=95da8e1a-2282-467b-a291-58fdee92471d
Python Programming Language Application Lead ,Accenture, Hyderabad / Secunderabad  , 4-6 years , About Accenture: Accenture is a global professional services company with leading capabilities in digital cloud and security. Combining unmatched experience and specialized skills across more than 40 industries we offer Strategy and Consulting Int ,https://www.monsterindia.com/seeker/cjt/job-vacancy-python-programming-language-application-lead-accenture-hyderabad-secunderabad-4-6-years-30796235?searchId=95da8e1a-2282-467b-a291-58fdee92471d
Python Programming Language Application Designer ,Accenture, Bengaluru / Bangalore  , 3-4 years , About Accenture: Accenture is a global professional services company with leading capabilities in digital cloud and security. Combining unmatched experience and specialized skills across more than 40 industries we offer Strategy and Consulting Int ,https://www.monsterindia.com/seeker/cjt/job-vacancy-python-programming-language-application-designer-accenture-bengaluru-bangalore-3-4-years-30796867?searchId=95da8e1a-2282-467b-a291-58fdee92471d
Python Programming Language Application Developer ,Accenture, India  , 8-10 years , About Accenture: Accenture is a global professional services company with leading capabilities in digital cloud and security. Combining unmatched experience and specialized skills across more than 40 industries we offer Strategy and Consulting Int ,https://www.monsterindia.com/seeker/cjt/job-vacancy-python-programming-language-application-developer-accenture-india-8-10-years-30796363?searchId=95da8e1a-2282-467b-a291-58fdee92471d
Python Programming Language Application Developer ,Accenture, India  , 4-6 years , About Accenture: Accenture is a global professional services company with leading capabilities in digital cloud and security. Combining unmatched experience and specialized skills across more than 40 industries we offer Strategy and Consulting Int ,https://www.monsterindia.com/seeker/cjt/job-vacancy-python-programming-language-application-developer-accenture-india-4-6-years-31478369?searchId=95da8e1a-2282-467b-a291-58fdee92471d
Python Programming Language Application Lead ,Accenture, India  , 4-6 years , About Accenture: Accenture is a global professional services company with leading capabilities in digital cloud and security. Combining unmatched experience and specialized skills across more than 40 industries we offer Strategy and Consulting Int ,https://www.monsterindia.com/seeker/cjt/job-vacancy-python-programming-language-application-lead-accenture-india-4-6-years-30796917?searchId=95da8e1a-2282-467b-a291-58fdee92471d
Python Programming Language Application Lead ,Accenture, Bengaluru / Bangalore  , 4-6 years , About Accenture: Accenture is a global professional services company with leading capabilities in digital cloud and security. Combining unmatched experience and specialized skills across more than 40 industries we offer Strategy and Consulting Int ,https://www.monsterindia.com/seeker/cjt/job-vacancy-python-programming-language-application-lead-accenture-bengaluru-bangalore-4-6-years-30795733?searchId=95da8e1a-2282-467b-a291-58fdee92471d
Python Programming Language Application Developer ,Accenture, India  , 8-10 years , About Accenture: Accenture is a global professional services company with leading capabilities in digital cloud and security. Combining unmatched experience and specialized skills across more than 40 industries we offer Strategy and Consulting Int ,https://www.monsterindia.com/seeker/cjt/job-vacancy-python-programming-language-application-developer-accenture-india-8-10-years-28873055?searchId=4abf317a-5874-4078-bd2e-ce44bede2707
Python Programming Language Application Developer ,Accenture, India  , 6-8 years , About Accenture: Accenture is a global professional services company with leading capabilities in digital cloud and security. Combining unmatched experience and specialized skills across more than 40 industries we offer Strategy and Consulting Int ,https://www.monsterindia.com/seeker/cjt/job-vacancy-python-programming-language-application-developer-accenture-india-6-8-years-28543727?searchId=4abf317a-5874-4078-bd2e-ce44bede2707
Python Programming Language Application Lead ,Accenture, India  , 8-10 years , About Accenture: Accenture is a global professional services company with leading capabilities in digital cloud and security. Combining unmatched experience and specialized skills across more than 40 industries we offer Strategy and Consulting Int ,https://www.monsterindia.com/seeker/cjt/job-vacancy-python-programming-language-application-lead-accenture-india-8-10-years-28751219?searchId=4abf317a-5874-4078-bd2e-ce44bede2707
Python Programming Language Application Developer ,Accenture, India  , 4-6 years , About Accenture: Accenture is a global professional services company with leading capabilities in digital cloud and security. Combining unmatched experience and specialized skills across more than 40 industries we offer Strategy and Consulting Int ,https://www.monsterindia.com/seeker/cjt/job-vacancy-python-programming-language-application-developer-accenture-india-4-6-years-32567409?searchId=4abf317a-5874-4078-bd2e-ce44bede2707
Python Programming Language Application Developer ,Accenture, India  , 3-4 years , About Accenture: Accenture is a global professional services company with leading capabilities in digital cloud and security. Combining unmatched experience and specialized skills across more than 40 industries we offer Strategy and Consulting Int ,https://www.monsterindia.com/seeker/cjt/job-vacancy-python-programming-language-application-developer-accenture-india-3-4-years-32567345?searchId=4abf317a-5874-4078-bd2e-ce44bede2707
Python Programming Language Application Developer ,Accenture, India  , 6-8 years , About Accenture: Accenture is a global professional services company with leading capabilities in digital cloud and security. Combining unmatched experience and specialized skills across more than 40 industries we offer Strategy and Consulting Int ,https://www.monsterindia.com/seeker/cjt/job-vacancy-python-programming-language-application-developer-accenture-india-6-8-years-32567187?searchId=4abf317a-5874-4078-bd2e-ce44bede2707
Python Programming Language Application Developer ,Accenture, India  , 4-6 years , About Accenture: Accenture is a global professional services company with leading capabilities in digital cloud and security. Combining unmatched experience and specialized skills across more than 40 industries we offer Strategy and Consulting Int ,https://www.monsterindia.com/seeker/cjt/job-vacancy-python-programming-language-application-developer-accenture-india-4-6-years-32566681?searchId=4abf317a-5874-4078-bd2e-ce44bede2707
Python Programming Language Application Lead ,Accenture, Hyderabad  , 4-6 years , About Accenture: Accenture is a global professional services company with leading capabilities in digital cloud and security. Combining unmatched experience and specialized skills across more than 40 industries we offer Strategy and Consulting Int ,https://www.monsterindia.com/seeker/cjt/job-vacancy-python-programming-language-application-lead-accenture-hyderabad-4-6-years-32566607?searchId=4abf317a-5874-4078-bd2e-ce44bede2707
Python Programming Language Application Developer ,Accenture, India  , 4-6 years , About Accenture: Accenture is a global professional services company with leading capabilities in digital cloud and security. Combining unmatched experience and specialized skills across more than 40 industries we offer Strategy and Consulting Int ,https://www.monsterindia.com/seeker/cjt/job-vacancy-python-programming-language-application-developer-accenture-india-4-6-years-32566581?searchId=4abf317a-5874-4078-bd2e-ce44bede2707
Python Programming Language Application Developer ,Accenture, India  , 6-8 years , About Accenture: Accenture is a global professional services company with leading capabilities in digital cloud and security. Combining unmatched experience and specialized skills across more than 40 industries we offer Strategy and Consulting Int ,https://www.monsterindia.com/seeker/cjt/job-vacancy-python-programming-language-application-developer-accenture-india-6-8-years-32566481?searchId=4abf317a-5874-4078-bd2e-ce44bede2707
C2H-Python Developer ,AMK TECHNOLOGY SDN BHD, Pune , 5-10 years , Good hands on experience as a Python Developer (5+ years) Strong understanding on the language basics data structures design patterns. Expertise in popular Python framework (like Django Flask )for API web application development ,https://www.monsterindia.com/job/c2h-python-developer-amk-technology-sdn-bhd-pune-5193485?searchId=4abf317a-5874-4078-bd2e-ce44bede2707
Python Programming Language Application Developer ,Accenture, Bengaluru / Bangalore  , 8-10 years , About Accenture: Accenture is a global professional services company with leading capabilities in digital cloud and security. Combining unmatched experience and specialized skills across more than 40 industries we offer Strategy and Consulting Int ,https://www.monsterindia.com/seeker/cjt/job-vacancy-python-programming-language-application-developer-accenture-bengaluru-bangalore-8-10-years-30764331?searchId=4abf317a-5874-4078-bd2e-ce44bede2707
Python Programming Language Application Developer ,Accenture, India  , 6-8 years , About Accenture: Accenture is a global professional services company with leading capabilities in digital cloud and security. Combining unmatched experience and specialized skills across more than 40 industries we offer Strategy and Consulting Int ,https://www.monsterindia.com/seeker/cjt/job-vacancy-python-programming-language-application-developer-accenture-india-6-8-years-30788467?searchId=4abf317a-5874-4078-bd2e-ce44bede2707
Python Programming Language Application Developer ,Accenture, India  , 8-10 years , About Accenture: Accenture is a global professional services company with leading capabilities in digital cloud and security. Combining unmatched experience and specialized skills across more than 40 industries we offer Strategy and Consulting Int ,https://www.monsterindia.com/seeker/cjt/job-vacancy-python-programming-language-application-developer-accenture-india-8-10-years-30765969?searchId=4abf317a-5874-4078-bd2e-ce44bede2707
Python Programming Language Application Lead ,Accenture, Bengaluru / Bangalore  , 8-10 years , About Accenture: Accenture is a global professional services company with leading capabilities in digital cloud and security. Combining unmatched experience and specialized skills across more than 40 industries we offer Strategy and Consulting Int ,https://www.monsterindia.com/seeker/cjt/job-vacancy-python-programming-language-application-lead-accenture-bengaluru-bangalore-8-10-years-30763967?searchId=4abf317a-5874-4078-bd2e-ce44bede2707
Python Programming Language Application Developer ,Accenture, India  , 4-6 years , About Accenture: Accenture is a global professional services company with leading capabilities in digital cloud and security. Combining unmatched experience and specialized skills across more than 40 industries we offer Strategy and Consulting Int ,https://www.monsterindia.com/seeker/cjt/job-vacancy-python-programming-language-application-developer-accenture-india-4-6-years-30788189?searchId=4abf317a-5874-4078-bd2e-ce44bede2707
Python Programming Language Application Developer ,Accenture, India  , 6-8 years , About Accenture: Accenture is a global professional services company with leading capabilities in digital cloud and security. Combining unmatched experience and specialized skills across more than 40 industries we offer Strategy and Consulting Int ,https://www.monsterindia.com/seeker/cjt/job-vacancy-python-programming-language-application-developer-accenture-india-6-8-years-30763965?searchId=4abf317a-5874-4078-bd2e-ce44bede2707
Python Programming Language Application Developer ,Accenture, Hyderabad / Secunderabad  , 4-6 years , About Accenture: Accenture is a global professional services company with leading capabilities in digital cloud and security. Combining unmatched experience and specialized skills across more than 40 industries we offer Strategy and Consulting Int ,https://www.monsterindia.com/seeker/cjt/job-vacancy-python-programming-language-application-developer-accenture-hyderabad-secunderabad-4-6-years-30778559?searchId=4abf317a-5874-4078-bd2e-ce44bede2707
Python Programming Language Application Developer ,Accenture, Kolkata  , 4-6 years , About Accenture: Accenture is a global professional services company with leading capabilities in digital cloud and security. Combining unmatched experience and specialized skills across more than 40 industries we offer Strategy and Consulting Int ,https://www.monsterindia.com/seeker/cjt/job-vacancy-python-programming-language-application-developer-accenture-kolkata-4-6-years-28954569?searchId=4abf317a-5874-4078-bd2e-ce44bede2707
Python DS Developer - Hyderabad ,2COMS Consulting Private Limited, Hyderabad / Secunderabad  , 1-6 years , Exp : 1.6 to 5 yrs About the role: We are looking for an Analyst / Senior Analyst who works in the analytics domain with a strong python background. Desired Skills Competencies and Experience: 1-4 years of experience in working in the anal ,https://www.monsterindia.com/job/python-ds-developer-hyderabad-2coms-consulting-private-limited-hyderabad-secunderabad-5203526?searchId=4abf317a-5874-4078-bd2e-ce44bede2707
Python DS Developer - Bangalore ,2COMS Consulting Private Limited, Bengaluru / Bangalore , 1-6 years , Exp : 1.6 - 5 yrs About the role: We are looking for an Analyst / Senior Analyst /DS who works in the analytics domain with a strong python background. Desired Skills Competencies and Experience: 2-4 years of experience in working in the ana ,https://www.monsterindia.com/job/python-ds-developer-bangalore-2coms-consulting-private-limited-bengaluru-bangalore-5203488?searchId=4abf317a-5874-4078-bd2e-ce44bede2707
Automation Anywhere with Python ,2COMS Consulting Private Limited, Bengaluru / Bangalore , 1-6 years , * 6 to 9 years of experience * Should have good hands on experience on RPA AA development with Python * Should have good communication skill with End to End development experience. Client communication is must * Hands-on & expert experienc ,https://www.monsterindia.com/job/automation-anywhere-with-python-2coms-consulting-private-limited-bengaluru-bangalore-5203478?searchId=4abf317a-5874-4078-bd2e-ce44bede2707
Python DS Developer - Chennai ,2COMS Consulting Private Limited, Chennai , 0-5 years , Exp : 2 to 4 yrs About the role: We are looking for an Analyst / Senior Analyst who works in the analytics domain with a strong python background. Desired Skills Competencies and Experience: 1-4 years of experience in working in the analyt ,https://www.monsterindia.com/job/python-ds-developer-chennai-2coms-consulting-private-limited-chennai-5203454?searchId=4abf317a-5874-4078-bd2e-ce44bede2707
Software Developer-Python Developer ,Shukla Information Solutions Private Limited, Ahmedabad , 1-3 years , Looking for Software Developer for Ahmedabad Location ,https://www.monsterindia.com/job/software-developer-python-developer-shukla-information-solutions-private-limited-ahmedabad-5204760?searchId=4abf317a-5874-4078-bd2e-ce44bede2707
Software Engineering - Python/Java ,JP Morgan Chase & Co., Bengaluru / Bangalore , 3-8 years , Job Description : The role (Associate) The Pyramid Team is part of the Derivatives Trade Management suite of application. It consists of various components that act as data provider to Regulatory Collateral Accounting systems and other ad-hoc rep ,https://www.monsterindia.com/job/software-engineering-python-java-jp-morgan-chase-co-bengaluru-bangalore-4726436?searchId=4abf317a-5874-4078-bd2e-ce44bede2707
Python Programming Language Application Developer ,Accenture, Hyderabad  , 6-8 years , About Accenture: Accenture is a global professional services company with leading capabilities in digital cloud and security. Combining unmatched experience and specialized skills across more than 40 industries we offer Strategy and Consulting Int ,https://www.monsterindia.com/seeker/cjt/job-vacancy-python-programming-language-application-developer-accenture-hyderabad-6-8-years-32553181?searchId=620a9c4b-1ba6-4f6f-98f0-de16301182c9
Specialist Development(Python Developer) ,Standard Chartered, India , Not Specified , About Standard Chartered We are a leading international bank focused on helping people and companies prosper across Asia Africa and the Middle East. To us good performance is about much more than turning a profit. It's about showing how you embody ,https://www.monsterindia.com/job/specialist-development-python-developer-standard-chartered-india-3573124?searchId=620a9c4b-1ba6-4f6f-98f0-de16301182c9
Python Programming Language Advanced Application Engineer ,Accenture, India  , 4-6 years , About Accenture: Accenture is a global professional services company with leading capabilities in digital cloud and security. Combining unmatched experience and specialized skills across more than 40 industries we offer Strategy and Consulting Int ,https://www.monsterindia.com/seeker/cjt/job-vacancy-python-programming-language-advanced-application-engineer-accenture-india-4-6-years-30792711?searchId=620a9c4b-1ba6-4f6f-98f0-de16301182c9
Python Programming Language Advanced Application Engineer ,Accenture, India  , 6-8 years , About Accenture: Accenture is a global professional services company with leading capabilities in digital cloud and security. Combining unmatched experience and specialized skills across more than 40 industries we offer Strategy and Consulting Int ,https://www.monsterindia.com/seeker/cjt/job-vacancy-python-programming-language-advanced-application-engineer-accenture-india-6-8-years-31478755?searchId=620a9c4b-1ba6-4f6f-98f0-de16301182c9
Python Programming Language Application Designer ,Accenture, Bengaluru / Bangalore  , 8-10 years , About Accenture: Accenture is a global professional services company with leading capabilities in digital cloud and security. Combining unmatched experience and specialized skills across more than 40 industries we offer Strategy and Consulting Int ,https://www.monsterindia.com/seeker/cjt/job-vacancy-python-programming-language-application-designer-accenture-bengaluru-bangalore-8-10-years-31432719?searchId=620a9c4b-1ba6-4f6f-98f0-de16301182c9
Python Internship in Ahmedabad ,Maxgen Technologies Private Limited, Ahmedabad  , Fresher , Professional Skilled Program. ,https://www.monsterindia.com/job/python-internship-in-ahmedabad-maxgen-technologies-private-limited-ahmedabad-5218970?searchId=620a9c4b-1ba6-4f6f-98f0-de16301182c9
Python Internship in Pune ,Maxgen Technologies Private Limited, Pune  , Fresher , Professional Skilled Program. ,https://www.monsterindia.com/job/python-internship-in-pune-maxgen-technologies-private-limited-pune-5218967?searchId=620a9c4b-1ba6-4f6f-98f0-de16301182c9
Python Internship in Mumbai ,Maxgen Technologies Private Limited, Mumbai  , Fresher , Web Development Program. ,https://www.monsterindia.com/job/python-internship-in-mumbai-maxgen-technologies-private-limited-mumbai-5218965?searchId=620a9c4b-1ba6-4f6f-98f0-de16301182c9
Lead Consultant- Python Node.js JavaScript ,Genpact, India  , Not Specified , Lead Consultant- Python Node.js JavaScript :Operations Location: Noida India With a startup spirit and 90000+ curious and courageous minds we have the expertise to go deep with the world&rsquos biggest brands&mdashand we have fun doing it. Now ,https://www.monsterindia.com/job/lead-consultant-python-node-js-javascript-genpact-india-5218451?searchId=620a9c4b-1ba6-4f6f-98f0-de16301182c9
Python Programming Language Tester ,Accenture, Bengaluru / Bangalore  , 4-6 years , About Accenture: Accenture is a global professional services company with leading capabilities in digital cloud and security. Combining unmatched experience and specialized skills across more than 40 industries we offer Strategy and Consulting Int ,https://www.monsterindia.com/seeker/cjt/job-vacancy-python-programming-language-tester-accenture-bengaluru-bangalore-4-6-years-28587303?searchId=620a9c4b-1ba6-4f6f-98f0-de16301182c9
Python Programming Language Tester ,Accenture, India  , 4-6 years , About Accenture: Accenture is a global professional services company with leading capabilities in digital cloud and security. Combining unmatched experience and specialized skills across more than 40 industries we offer Strategy and Consulting Int ,https://www.monsterindia.com/seeker/cjt/job-vacancy-python-programming-language-tester-accenture-india-4-6-years-27849931?searchId=620a9c4b-1ba6-4f6f-98f0-de16301182c9
Python Programming Language Tester ,Accenture, Bengaluru / Bangalore , 4-6 years , Job Description About Accenture: Accenture is a global professional services company with leading capabilities in digital cloud and security. Combining unmatched experience and specialized skills across more than 40 industries we offer Strategy an ,https://www.monsterindia.com/seeker/cjt/job-vacancy-python-programming-language-tester-accenture-bengaluru-bangalore-4-6-years-27898495?searchId=620a9c4b-1ba6-4f6f-98f0-de16301182c9
Python Developer ,Macropace Technologies, Bengaluru / Bangalore , 4-6 years , Python Developer (Immediate Joiner) ,https://www.monsterindia.com/job/python-developer-macropace-technologies-bengaluru-bangalore-5193285?searchId=620a9c4b-1ba6-4f6f-98f0-de16301182c9
Python Programming Language Advanced Application Engineer ,Accenture, India  , 3-4 years , About Accenture: Accenture is a global professional services company with leading capabilities in digital cloud and security. Combining unmatched experience and specialized skills across more than 40 industries we offer Strategy and Consulting Int ,https://www.monsterindia.com/seeker/cjt/job-vacancy-python-programming-language-advanced-application-engineer-accenture-india-3-4-years-30764329?searchId=620a9c4b-1ba6-4f6f-98f0-de16301182c9
Python Programming Language Test Automation Engineer ,Accenture, India  , 6-8 years , About Accenture: Accenture is a global professional services company with leading capabilities in digital cloud and security. Combining unmatched experience and specialized skills across more than 40 industries we offer Strategy and Consulting Int ,https://www.monsterindia.com/seeker/cjt/job-vacancy-python-programming-language-test-automation-engineer-accenture-india-6-8-years-30765615?searchId=620a9c4b-1ba6-4f6f-98f0-de16301182c9
Python Programming Language Test Automation Engineer ,Accenture, India  , 4-6 years , About Accenture: Accenture is a global professional services company with leading capabilities in digital cloud and security. Combining unmatched experience and specialized skills across more than 40 industries we offer Strategy and Consulting Int ,https://www.monsterindia.com/seeker/cjt/job-vacancy-python-programming-language-test-automation-engineer-accenture-india-4-6-years-30763441?searchId=620a9c4b-1ba6-4f6f-98f0-de16301182c9
Python DS Developer - Bangalore ,2COMS Consulting Private Limited, Bengaluru / Bangalore , 1-5 years , Exp : 1.6 - 5 yrs About the role: We are looking for an Analyst / Senior Analyst /DS who works in the analytics domain with a strong python background. Desired Skills Competencies and Experience: 2-4 years of experience in working in the analy ,https://www.monsterindia.com/job/python-ds-developer-bangalore-2coms-consulting-private-limited-bengaluru-bangalore-4634265?searchId=620a9c4b-1ba6-4f6f-98f0-de16301182c9
C2H Role------ Python Developer ,AMK TECHNOLOGY SDN BHD, Pune , 5-10 years , Greetings from AMK Group of Companies!!! Position : Python Developer Experience-5-10 years Job Type : AMK Payroll Location : Pune Notice Period : Who can join immediately-10 days Share CV [HIDDEN TEXT]hnology WhatsApp: 9513745122 ,https://www.monsterindia.com/job/c2h-role-python-developer-amk-technology-sdn-bhd-pune-5193514?searchId=620a9c4b-1ba6-4f6f-98f0-de16301182c9
Python dev_7-10yrs_BLR_Hem ,Arminus Software Private Limited, Bengaluru / Bangalore , Not Specified , Job Description : Job Description: Python linux shell scripting (Django or flask) AWS or Any cloud Devops- Willingness to learn Database-MYsql or other Key Skills: Python linux shell scripting (Django or flask) AWS or Any cloud Devops- Willing ,https://www.monsterindia.com/job/python-dev-7-10yrs-blr-hem-arminus-software-private-limited-bengaluru-bangalore-5214438?searchId=620a9c4b-1ba6-4f6f-98f0-de16301182c9
Lead Consultant- Python Node.js JavaScript ,Genpact, India  , Not Specified , Lead Consultant- Python Node.js JavaScript :Operations Location: Noida India With a startup spirit and 90000+ curious and courageous minds we have the expertise to go deep with the world&rsquos biggest brands&mdashand we have fun doing it. Now ,https://www.monsterindia.com/job/lead-consultant-python-node-js-javascript-genpact-india-5213290?searchId=620a9c4b-1ba6-4f6f-98f0-de16301182c9
E/// python developer - ,Mindtree Limited, Bengaluru / Bangalore  , 4-7 years , Job Description BE B Tech ME M Tech MS in Computer Science IT Software Systems with 4 years of relevant experience Strong Python programming experience for 4 years Strong Server Storage networking Industry experience Knowledge of controllers drivers ,https://www.monsterindia.com/job/e-python-developer-mindtree-limited-bengaluru-bangalore-4440701?searchId=620a9c4b-1ba6-4f6f-98f0-de16301182c9
E/// python developer - ,Mindtree Limited, Bengaluru / Bangalore  , 8-11 years , Job Description 8 years of experience in Python programming Knowledge of front end technologies like JavaScript CSS and HTML Knowledge of Rest API Experience setting up CI CD pipelines with rapid deployment into production Ability to hire a world cl ,https://www.monsterindia.com/job/e-python-developer-mindtree-limited-bengaluru-bangalore-4440693?searchId=620a9c4b-1ba6-4f6f-98f0-de16301182c9
Software Engineering - Python ,JP Morgan Chase & Co., Mumbai , 5-8 years , Job Description : Key Responsibilities: * Assesses the vision of the business or key stakeholders and advises on technology options risks and costs versus benefits of various approaches * Researches where solutions to business needs currentl ,https://www.monsterindia.com/job/software-engineering-python-jp-morgan-chase-co-mumbai-4552334?searchId=620a9c4b-1ba6-4f6f-98f0-de16301182c9
Lead - Operations (SQL Excel and Python) ,Flipkart, Bengaluru / Bangalore  , 2-4 years , Job Description : About Flipkart: In 2007 we started our journey by selling books online. But now over a decade later our story is quite different. Today Flipkart is India's largest online marketplace and a leading technology powerhouse in India ,https://www.monsterindia.com/job/lead-operations-sql-excel-and-python-flipkart-bengaluru-bangalore-4442459?searchId=620a9c4b-1ba6-4f6f-98f0-de16301182c9
Python Programming Language Application Developer ,Accenture, India  , 4-6 years , About Accenture: Accenture is a global professional services company with leading capabilities in digital cloud and security. Combining unmatched experience and specialized skills across more than 40 industries we offer Strategy and Consulting Int ,https://www.monsterindia.com/seeker/cjt/job-vacancy-python-programming-language-application-developer-accenture-india-4-6-years-32525787?searchId=620a9c4b-1ba6-4f6f-98f0-de16301182c9
Python Programming Language Application Developer ,Accenture, India  , 4-6 years , About Accenture: Accenture is a global professional services company with leading capabilities in digital cloud and security. Combining unmatched experience and specialized skills across more than 40 industries we offer Strategy and Consulting Int ,https://www.monsterindia.com/seeker/cjt/job-vacancy-python-programming-language-application-developer-accenture-india-4-6-years-32525669?searchId=2844bfaa-cc1a-4cbf-8a76-8bf125c91b66
Software Developer-Python Developer ,Shukla Information Solutions Private Limited, Ahmedabad , 1-3 years , Looking for Software Developer for Ahmedabad Location ,https://www.monsterindia.com/job/software-developer-python-developer-shukla-information-solutions-private-limited-ahmedabad-5204760?searchId=2844bfaa-cc1a-4cbf-8a76-8bf125c91b66
Python Programming Language Application Developer ,Accenture, India  , 3-4 years , About Accenture: Accenture is a global professional services company with leading capabilities in digital cloud and security. Combining unmatched experience and specialized skills across more than 40 industries we offer Strategy and Consulting Int ,https://www.monsterindia.com/seeker/cjt/job-vacancy-python-programming-language-application-developer-accenture-india-3-4-years-28382833?searchId=2844bfaa-cc1a-4cbf-8a76-8bf125c91b66
Python Programming Language Application Developer ,Accenture, India  , 3-4 years , About Accenture: Accenture is a global professional services company with leading capabilities in digital cloud and security. Combining unmatched experience and specialized skills across more than 40 industries we offer Strategy and Consulting Int ,https://www.monsterindia.com/seeker/cjt/job-vacancy-python-programming-language-application-developer-accenture-india-3-4-years-31411055?searchId=2844bfaa-cc1a-4cbf-8a76-8bf125c91b66
Python Programming Language Application Developer ,Accenture, India  , 8-10 years , About Accenture: Accenture is a global professional services company with leading capabilities in digital cloud and security. Combining unmatched experience and specialized skills across more than 40 industries we offer Strategy and Consulting Int ,https://www.monsterindia.com/seeker/cjt/job-vacancy-python-programming-language-application-developer-accenture-india-8-10-years-28221673?searchId=2844bfaa-cc1a-4cbf-8a76-8bf125c91b66
Python Programming Language Application Designer ,Accenture, Hyderabad / Secunderabad , 6-8 years , Job Description About Accenture: Accenture is a global professional services company with leading capabilities in digital cloud and security. Combining unmatched experience and specialized skills across more than 40 industries we offer Strategy an ,https://www.monsterindia.com/seeker/cjt/job-vacancy-python-programming-language-application-designer-accenture-hyderabad-secunderabad-6-8-years-27574319?searchId=2844bfaa-cc1a-4cbf-8a76-8bf125c91b66
Python Programming Language Application Lead ,Accenture, Bengaluru / Bangalore , 6-8 years , Job Description About Accenture: Accenture is a global professional services company with leading capabilities in digital cloud and security. Combining unmatched experience and specialized skills across more than 40 industries we offer Strategy an ,https://www.monsterindia.com/seeker/cjt/job-vacancy-python-programming-language-application-lead-accenture-bengaluru-bangalore-6-8-years-27515463?searchId=2844bfaa-cc1a-4cbf-8a76-8bf125c91b66
Python Programming Language Application Developer ,Accenture, Chennai , 3-4 years , Job Description About Accenture: Accenture is a leading global professional services company providing a broad range of services in strategy and consulting interactive technology and operations with digital capabilities across all of these servi ,https://www.monsterindia.com/seeker/cjt/job-vacancy-python-programming-language-application-developer-accenture-chennai-3-4-years-26951405?searchId=2844bfaa-cc1a-4cbf-8a76-8bf125c91b66
Python Programming Language Application Developer ,Accenture, Mumbai , 3-4 years , Job Description About Accenture: Accenture is a global professional services company with leading capabilities in digital cloud and security. Combining unmatched experience and specialized skills across more than 40 industries we offer Strategy an ,https://www.monsterindia.com/seeker/cjt/job-vacancy-python-programming-language-application-developer-accenture-mumbai-3-4-years-27137859?searchId=2844bfaa-cc1a-4cbf-8a76-8bf125c91b66
Python Programming Language Application Developer ,Accenture, Bengaluru / Bangalore , 3-4 years , Job Description About Accenture: Accenture is a leading global professional services company providing a broad range of services in strategy and consulting interactive technology and operations with digital capabilities across all of these servi ,https://www.monsterindia.com/seeker/cjt/job-vacancy-python-programming-language-application-developer-accenture-bengaluru-bangalore-3-4-years-26353851?searchId=2844bfaa-cc1a-4cbf-8a76-8bf125c91b66
Python Programming Language Application Designer ,Accenture, Bengaluru / Bangalore , 4-6 years , Job Description About Accenture: Accenture is a leading global professional services company providing a broad range of services in strategy and consulting interactive technology and operations with digital capabilities across all of these servi ,https://www.monsterindia.com/seeker/cjt/job-vacancy-python-programming-language-application-designer-accenture-bengaluru-bangalore-4-6-years-26619053?searchId=2844bfaa-cc1a-4cbf-8a76-8bf125c91b66
Python Programming Language Application Developer ,Accenture, Hyderabad / Secunderabad , 6-8 years , Job Description About Accenture: Accenture is a global professional services company with leading capabilities in digital cloud and security. Combining unmatched experience and specialized skills across more than 40 industries we offer Strategy an ,https://www.monsterindia.com/seeker/cjt/job-vacancy-python-programming-language-application-developer-accenture-hyderabad-secunderabad-6-8-years-26372001?searchId=2844bfaa-cc1a-4cbf-8a76-8bf125c91b66
Python Developer ,Infosys Limited, Bengaluru / Bangalore , 5-8 years , Responsibilities : A day in the life of an Infoscion As part of the Infosys delivery team your primary role would be to interface with the client for quality assurance issue resolution and ensuring high customer satisfaction. You will understand re ,https://www.monsterindia.com/job/python-developer-infosys-limited-bengaluru-bangalore-3701044?searchId=2844bfaa-cc1a-4cbf-8a76-8bf125c91b66
Python Django python devloper ,Quess IT Staffing (Formerly known as Magna Infotech), Bengaluru / Bangalore  , 5-8 years , C ,//www.monsterindia.com/job/python-developer-infosys-limited-bengaluru-bangalore-3701044?searchId=2844bfaa-cc1a-4cbf-8a76-8bf125c91b66
Python AWS Data Engineer ,Perficient India Private Limited, Bengaluru / Bangalore  , 3-10 years , Title - Python AWS Engineer Location - Chennai/Bangalore Role - Fulltime Notice period - Max 15 days Years of Experience - 3 to 7 No: of positions - 05 ,https://www.monsterindia.com/job/python-django-python-devloper-quess-it-staffing-formerly-known-as-magna-infotech-bengaluru-bangalore-5172465?searchId=2844bfaa-cc1a-4cbf-8a76-8bf125c91b66
Python Infrastructure Automation Developer ,JP Morgan Chase & Co., Hyderabad / Secunderabad  , Not Specified , Job Description : Our Global Technology Infrastructure group is a team rewarded with innovators who love technology as much as you do. Together you'll use a disciplined innovative and a business focusedapproach to develop a wide variety of high-qu ,https://www.monsterindia.com/job/python-aws-data-engineer-perficient-india-private-limited-bengaluru-bangalore-5203387?searchId=2844bfaa-cc1a-4cbf-8a76-8bf125c91b66
Senior Software Engineer - Python ,Rakuten India Enterprises Private Limited, Bengaluru / Bangalore  , 8-12 years , Job Description : Senior Software Engineer - Python (8-12 years) What we look for: . We are looking for someone with strong exposure to both back-end and front-end web stacks . Minimum 8+ years of experience in software product development and archi ,https://www.monsterindia.com/job/python-infrastructure-automation-developer-jp-morgan-chase-co-hyderabad-secunderabad-5187818?searchId=2844bfaa-cc1a-4cbf-8a76-8bf125c91b66
Python / Pyspark | 6 to 9 years | Bengaluru & Pune ,Capgemini, Bengaluru / Bangalore  , 6-9 years , Job Description * Working experience with Spark Hive Message Queue or Pub Sub Streaming technologies * Experience developing data pipelines using mix of languages Python SQL etc and open source frameworks to implement data ingest processing and ,https://www.monsterindia.com/job/senior-software-engineer-python-rakuten-india-enterprises-private-limited-bengaluru-bangalore-4727872?searchId=2844bfaa-cc1a-4cbf-8a76-8bf125c91b66
Python Programming Language SW/Application Tech Support Practitioner ,Accenture, India  , 8-10 years , About Accenture: Accenture is a global professional services company with leading capabilities in digital cloud and security. Combining unmatched experience and specialized skills across more than 40 industries we offer Strategy and Consulting Int ,https://www.monsterindia.com/job/python-pyspark-6-to-9-years-bengaluru-pune-capgemini-bengaluru-bangalore-3918567?searchId=2844bfaa-cc1a-4cbf-8a76-8bf125c91b66
Software Engineering - Python Dev ,JP Morgan Chase & Co., Mumbai , Not Specified , Job Description : Successful candidates will be joining the Investment Bank's FX Options Technology team a group of application developers responsible for evolution and support of the Athena platform for the FX Options business. The team numbers 15 ,https://www.monsterindia.com/seeker/cjt/job-vacancy-python-programming-language-sw-application-tech-support-practitioner-accenture-india-8-10-years-30794991?searchId=2844bfaa-cc1a-4cbf-8a76-8bf125c91b66
AWS Infra with Linux and Python - ,Mindtree Limited, Bengaluru / Bangalore  , Not Specified , Job Description Must know Linux (RHEL CentOS) # Should have strong Admin experience supporting Kafka Nifi # Able to provide administration and operations of the Kafka platform like provisioning access lists Kerberos and SSL configurations. # Invol ,https://www.monsterindia.com/job/software-engineering-python-dev-jp-morgan-chase-co-mumbai-4812023?searchId=2844bfaa-cc1a-4cbf-8a76-8bf125c91b66
Digital â€“ Content Automation - Software Engineer III - Python Developer ,FactSet Philippines Inc, Hyderabad / Secunderabad  , 2-5 years , VALUES THAT DEFINE OUR CULTURE We are unified by the spirit of going above and beyond for our clients and each other. We look to foster a globally inclusive culture enabling our people to be themselves at work and to join in be heard contribut ,https://www.monsterindia.com/job/aws-infra-with-linux-and-python-mindtree-limited-bengaluru-bangalore-5196779?searchId=2844bfaa-cc1a-4cbf-8a76-8bf125c91b66
Software Engineer 2 (Network Test Python) ,DELL, India  , 3-6 years , Job Description : Software Engineer 2 Join usas aSoftware Engineer 2on ourSoftware Engineering team inChennaito do the best work of your career and make a profound social impact. As a Software Engineer 2 - Test you will have to think out-of-the-bo ,https://www.monsterindia.com/job/digital-content-automation-software-engineer-iii-python-developer-factset-philippines-inc-hyderabad-secunderabad-5216000?searchId=2844bfaa-cc1a-4cbf-8a76-8bf125c91b66
Python Programming Language ,Accenture, India  , 4-6 years , About Accenture: Accenture is a global professional services company with leading capabilities in digital cloud and security. Combining unmatched experience and specialized skills across more than 40 industries we offer Strategy and Consulting Int ,https://www.monsterindia.com/job/software-engineer-2-network-test-python-dell-india-5195918?searchId=2844bfaa-cc1a-4cbf-8a76-8bf125c91b66
Python Programming Language Advanced Application Engineer ,Accenture, Bengaluru / Bangalore  , 8-10 years , About Accenture: Accenture is a global professional services company with leading capabilities in digital cloud and security. Combining unmatched experience and specialized skills across more than 40 industries we offer Strategy and Consulting Int ,https://www.monsterindia.com/seeker/cjt/job-vacancy-python-programming-language-accenture-india-4-6-years-32481613?searchId=2844bfaa-cc1a-4cbf-8a76-8bf125c91b66
Tech Lead - Azure + Python + PySpark Job ,Yash Technologies Private Limited, India  , Not Specified , Job Description : We are looking forward to hireAzure + Python + PySpark LeadDeveloperswhothrive on challenges and desires to make a real difference in the business world. The shortlisted candidate should have strong communication interpersonal an ,https://www.monsterindia.com/job/tech-lead-azure-python-pyspark-job-yash-technologies-private-limited-india-5194217?searchId=a4e0ed11-5360-45b4-9eeb-bc8a7064b11d
Module Lead - AWS + Python + Spark Job ,Yash Technologies Private Limited, India  , 3-6 years , Job Description : We are looking forward to hireAWS+ Python + Spark Senior Developerswhothrive on challenges and desire to make a real difference in the business world. The shortlisted candidate should have strong communication interpersonal analy ,https://www.monsterindia.com/job/module-lead-aws-python-spark-job-yash-technologies-private-limited-india-5194216?searchId=a4e0ed11-5360-45b4-9eeb-bc8a7064b11d
Python Developer -Full stack developer ,Paskon (India) Private Limited, Bengaluru / Bangalore , Fresher , Urgent Requirement for python developer with 0 -6 months of experience ,https://www.monsterindia.com/job/python-developer-full-stack-developer-paskon-india-private-limited-bengaluru-bangalore-5204070?searchId=a4e0ed11-5360-45b4-9eeb-bc8a7064b11d
Infrastrcture Devlopment(Python) ,JP Morgan Chase & Co., Bengaluru / Bangalore , Not Specified , Job Description : As a member of our Infrastructure Development team you will dive right into creating innovative solutions that advance businesses and careers. You'll join an inspiring and curious team of technologists dedicated to developing and ,https://www.monsterindia.com/job/infrastrcture-devlopment-python-jp-morgan-chase-co-bengaluru-bangalore-4647976?searchId=a4e0ed11-5360-45b4-9eeb-bc8a7064b11d
Python DS Developer - Hyderabad ,2COMS Consulting Private Limited, Hyderabad / Secunderabad  , 1-6 years , Exp : 1.6 to 5 yrs About the role: We are looking for an Analyst / Senior Analyst who works in the analytics domain with a strong python background. Desired Skills Competencies and Experience: 1-4 years of experience in working in the anal ,https://www.monsterindia.com/job/python-ds-developer-hyderabad-2coms-consulting-private-limited-hyderabad-secunderabad-5184539?searchId=a4e0ed11-5360-45b4-9eeb-bc8a7064b11d
Automation Anywhere with Python ,2COMS Consulting Private Limited, Bengaluru / Bangalore , 1-6 years , * 6 to 9 years of experience * Should have good hands on experience on RPA AA development with Python * Should have good communication skill with End to End development experience. Client communication is must * Hands-on & expert experienc ,https://www.monsterindia.com/job/automation-anywhere-with-python-2coms-consulting-private-limited-bengaluru-bangalore-5184511?searchId=a4e0ed11-5360-45b4-9eeb-bc8a7064b11d
Digital â€“ Content Automation - Software Engineer III - Python Developer ,FactSet Philippines Inc, Hyderabad / Secunderabad  , 2-5 years , VALUES THAT DEFINE OUR CULTURE We are unified by the spirit of going above and beyond for our clients and each other. We look to foster a globally inclusive culture enabling our people to be themselves at work and to join in be heard contribut ,https://www.monsterindia.com/job/digital-content-automation-software-engineer-iii-python-developer-factset-philippines-inc-hyderabad-secunderabad-5207700?searchId=a4e0ed11-5360-45b4-9eeb-bc8a7064b11d
Python Developer Machine Learning Deep Learning ,Quess IT Staffing (Formerly known as Magna Infotech), Bengaluru / Bangalore  , 5-8 years , EXCELLENT JOB OPPORTUNITY) WE ARE LOOKING FOR PYTHON DEVLOPER WITH ( DEEP LEARNING) & (MACHINE LEARNING) EXPERIENCE - 5 + PLUS YEAR NOTICE PERIOD - 15 DAYS LOCATION - ALL METRO CITY'S IN INDIA SALARY - BEST IN INDUSTRY ,https://www.monsterindia.com/job/python-developer-machine-learning-deep-learning-quess-it-staffing-formerly-known-as-magna-infotech-bengaluru-bangalore-5193244?searchId=a4e0ed11-5360-45b4-9eeb-bc8a7064b11d
Python Programming Language Application Developer ,Accenture, Hyderabad / Secunderabad , 6-8 years , Job Description About Accenture: Accenture is a global professional services company with leading capabilities in digital cloud and security. Combining unmatched experience and specialized skills across more than 40 industries we offer Strategy an ,https://www.monsterindia.com/seeker/cjt/job-vacancy-python-programming-language-application-developer-accenture-hyderabad-secunderabad-6-8-years-30723133?searchId=a4e0ed11-5360-45b4-9eeb-bc8a7064b11d
Python developer ,Siemens Technology, India  , 1-4 years , Job Description : Job title: Software Engineer (Python Developer) Siemens founded the new business unit Siemens Advanta (formerly known as Siemens IoT Services) on April 1 2019 with its headquarter in Munich Germany. It has been crafted to unlock ,https://www.monsterindia.com/job/python-developer-siemens-technology-india-5170999?searchId=a4e0ed11-5360-45b4-9eeb-bc8a7064b11d
Senior Python Developer Vice President ,JP Morgan Chase & Co., Bengaluru / Bangalore , 10-13 years , Job Description : Python Developer Vice President Come join a creative team of Data Engineers as part of Engineering & Architecture in Corporate and Investment Bank (CIB). We work on data modelling lineage and transporting data at scale on cloud ,https://www.monsterindia.com/job/senior-python-developer-vice-president-jp-morgan-chase-co-bengaluru-bangalore-4635134?searchId=a4e0ed11-5360-45b4-9eeb-bc8a7064b11d
Software Engineering - Principal Risk - Python ,JP Morgan Chase & Co., Bengaluru / Bangalore , Not Specified , Job Description : The application is going through a transformation from legacy platform to Athena based platform which is the next generation application platform for risk pricing and trade management built in-house at JP Morgan. We are looking ,https://www.monsterindia.com/job/software-engineering-principal-risk-python-jp-morgan-chase-co-bengaluru-bangalore-4647995?searchId=a4e0ed11-5360-45b4-9eeb-bc8a7064b11d
Software Engineering - Python - Vice President ,JP Morgan Chase & Co., Bengaluru / Bangalore , Not Specified , Job Description : As an experienced member of our Software Engineering Group we look first and foremost for people who are passionate around solving business problems through innovation and engineering practices. You'll be required to apply your de ,https://www.monsterindia.com/job/software-engineering-python-vice-president-jp-morgan-chase-co-bengaluru-bangalore-4782365?searchId=a4e0ed11-5360-45b4-9eeb-bc8a7064b11d
Job opportunity the profile of Python Developer ,Aarika Hr Professionals Private Limited, Ahmedabad  , 3-7 years , . ,https://www.monsterindia.com/job/job-opportunity-the-profile-of-python-developer-aarika-hr-professionals-private-limited-ahmedabad-1531277?searchId=a4e0ed11-5360-45b4-9eeb-bc8a7064b11d
Senior Manager - OODO Open ERP / Python Programing ,Aarika Hr Professionals Private Limited, Hyderabad / Secunderabad  , 5-10 years , Design and develop Odoo apps (new module development  customization).Good knowledge in Python programming.HTML Javascript Python Odoo (OpenERP) Framework XML Interact with clients and analyse requirements. ,https://www.monsterindia.com/job/senior-manager-oodo-open-erp-python-programing-aarika-hr-professionals-private-limited-hyderabad-secunderabad-204830?searchId=a4e0ed11-5360-45b4-9eeb-bc8a7064b11d
Software Engineering - Python Dev ,JP Morgan Chase & Co., Mumbai , Not Specified , Job Description : As a member of our Software Engineering Group we look first and foremost for people who are passionate around solving business problems through innovation and engineering practices. You'll be required to apply your depth of knowle ,https://www.monsterindia.com/job/software-engineering-python-dev-jp-morgan-chase-co-mumbai-5176124?searchId=a4e0ed11-5360-45b4-9eeb-bc8a7064b11d
Senior Python Developer - Mumbai ,JP Morgan Chase & Co., Mumbai , Not Specified , Job Description : We are looking for a senior Python developerin QR Morpheus India team (Mumbai)to support the Quantitative Research (QR) group across the globe. The team plays a critical role in providing strategic business solutions to enhance rep ,https://www.monsterindia.com/job/senior-python-developer-mumbai-jp-morgan-chase-co-mumbai-5176128?searchId=a4e0ed11-5360-45b4-9eeb-bc8a7064b11d
Data Engineer - SQL Data warehousing ETL/ELT Python ,NTT Data, Bengaluru / Bangalore  , Not Specified , Req ID: 139915 NTT DATA Services strives to hire exceptional innovative and passionate individuals who want to grow with us. If you want to be part of an inclusive adaptable and forward-thinking organization apply now. We are currently seeking a ,https://www.monsterindia.com/job/data-engineer-sql-data-warehousing-etl-elt-python-ntt-data-bengaluru-bangalore-5198088?searchId=a4e0ed11-5360-45b4-9eeb-bc8a7064b11d
Digital â€“ Content Automation - Software Engineer III - Python Developer ,FactSet Philippines Inc, Hyderabad / Secunderabad  , 2-5 years , VALUES THAT DEFINE OUR CULTURE We are unified by the spirit of going above and beyond for our clients and each other. We look to foster a globally inclusive culture enabling our people to be themselves at work and to join in be heard contribut ,https://www.monsterindia.com/job/digital-content-automation-software-engineer-iii-python-developer-factset-philippines-inc-hyderabad-secunderabad-5196854?searchId=a4e0ed11-5360-45b4-9eeb-bc8a7064b11d
Principal Consultant- ETL %26 Python ,Genpact, Bengaluru / Bangalore  , 10-13 years , Principal Consultant- ETL & Python :Operations Location:Bangalore India With a startup spirit and 90000+ curious and courageous minds we have the expertise to go deep with the world&rsquos biggest brands&mdashand we have fun doing it. Now we&rsqu ,https://www.monsterindia.com/job/principal-consultant-etl-26-python-genpact-bengaluru-bangalore-5183794?searchId=a4e0ed11-5360-45b4-9eeb-bc8a7064b11d
Python Leader ,Acquaint Softtech Private Limited, Ahmedabad , 3-10 years , Role: Lead - Python Developer Experience: 4+ Years Location: Ahmedabad Gujarat ,https://www.monsterindia.com/job/python-leader-acquaint-softtech-private-limited-ahmedabad-5172928?searchId=a4e0ed11-5360-45b4-9eeb-bc8a7064b11d
AWS with Python-Senior Software Engineer - ,Mindtree Limited, Bengaluru / Bangalore  , 5-8 years , Job Description * More than 5 years IT Experience * More than 3 years experience building and maintaining systems in AWS * Very good knowledge and experience in AWS with Python Boto3 * AWS basic concepts like EC2 RDS VPC subnet IAM S3 Rou ,https://www.monsterindia.com/job/aws-with-python-senior-software-engineer-mindtree-limited-bengaluru-bangalore-4440641?searchId=a4e0ed11-5360-45b4-9eeb-bc8a7064b11d
AWS Application with Python- Module lead - ,Mindtree Limited, Bengaluru / Bangalore  , 5-8 years , Job Description * Application designing implementing on AWS cloud environment ownership of customer experience work with fellow consulting engineers and service delivery management * Scripting experience with python * Should have 5 Years ove ,https://www.monsterindia.com/job/aws-application-with-python-module-lead-mindtree-limited-bengaluru-bangalore-4440636?searchId=a4e0ed11-5360-45b4-9eeb-bc8a7064b11d
urgent opening for the position of Python Developer/Python Tech Lead in a leading MNC in Jaipur ,Aarika Hr Professionals Private Limited, Jaipur , 2-12 years , We have an urgent opening for the position of Python Developer/Python Tech Lead in a leading MNC in Jaipur. ,https://www.monsterindia.com/job/urgent-opening-for-the-position-of-python-developer-python-tech-lead-in-a-leading-mnc-in-jaipur-aarika-hr-professionals-private-limited-jaipur-4727101?searchId=a4e0ed11-5360-45b4-9eeb-bc8a7064b11d
MTS/SMTS - Golang/Python/C++ - 4 - 12 years ,Vmware, Bengaluru / Bangalore , Not Specified , Job Description : Business Summary VMware is a global leader in cloud infrastructure and business mobility. VMware accelerates customers digital transformation journey by enabling enterprises to master a software-defined approach to business and IT ,https://www.monsterindia.com/job/mts-smts-golang-python-c-4-12-years-vmware-bengaluru-bangalore-3643188?searchId=a4e0ed11-5360-45b4-9eeb-bc8a7064b11d
